{"cameraMode":{"drawMode":0,"name":"Shaded","section":"Shading Mode"},"sceneLighting":true,"audioPlay":false,"sceneViewState":{"m_AlwaysRefresh":false,"showFog":true,"showSkybox":true,"showFlares":true,"showImageEffects":true,"showParticleSystems":true,"showVisualEffectGraphs":true,"m_FxEnabled":true},"in2DMode":false,"pivot":{"x":17.91309356689453,"y":0.4388464689254761,"z":2.544740676879883},"rotation":{"x":-0.010499002411961556,"y":0.0111014936119318,"z":0.00011722261842805892,"w":0.9998939037322998},"size":12.12435531616211,"orthographic":false}